Lifestyle,94d12a98-a803-4d7d-969b-6283998fbb66
Jordan,1ae4cc7f-c800-49fc-aa7e-abc17d85626b
Running,a444a9ad-fea1-4201-aae5-c0bf59890e40
Basketball,cd0b50a3-0c08-4180-9cb3-32d33528ec3f
Training & Gym,1eac53c3-2c2f-4d9b-8c74-c76947e70a53
Football,45ea3642-a867-4e42-bc52-4be595758b7f
Skateboarding,3475b8f1-3682-4441-9184-3da79516152e
Golf,d17294e4-2b25-4836-99e0-4142a3079f92
Tennis,e3101a17-8005-441d-8cf4-3c02fc9a3ff7
Athletics,cbce1f41-448b-4e8e-b805-9c9a49c8c668
Walking,77fd7544-ac20-43b7-af50-d71b16b7aca2
